<?xml version="1.0" encoding="UTF-8"?>
<metadata>
  <groupId>org.glassfish</groupId>
  <artifactId>javax.el</artifactId>
  <version>3.0.1-b06</version>
  <versioning>
    <latest>3.0.1-b08</latest>
    <release>3.0.1-b08</release>
    <versions>
      <version>3.0-b01</version>
      <version>3.0-b02</version>
      <version>3.0-b03</version>
      <version>3.0-b04</version>
      <version>3.0-b05</version>
      <version>3.0-b06</version>
      <version>3.0-b07</version>
      <version>3.0.0</version>
      <version>3.0.1-b01</version>
      <version>3.0.1-b02</version>
      <version>3.0.1-b03</version>
      <version>3.0.1-b04</version>
      <version>3.0.1-b05</version>
      <version>3.0.1-b06</version>
      <version>3.0.1-b07</version>
      <version>3.0.1-b08</version>
    </versions>
    <lastUpdated>20150522070612</lastUpdated>
  </versioning>
</metadata>
